Model ID,Testing Dataset Size,Loss,RMSE,NRMSE,MAE,MAPE,Total Time,GPU used?,Observations
0,72,961.7774658203125,28.524627685546875,0.23850542306900024,21.14441680908203,335889984.0,00:00:00,False,
0,72,879.4915161132812,27.040979385375977,0.22214016318321228,19.985326766967773,338808704.0,00:00:00,False,
1,227,628.9642333984375,23.493770599365234,0.19585497677326202,16.973407745361328,141517680.0,00:00:02,False,
2,432,548.8453979492188,21.721548080444336,0.17808935046195984,15.210212707519531,97486776.0,00:00:03,False,
3,721,515.8986206054688,21.295576095581055,0.17256894707679749,15.008096694946289,70940416.0,00:00:05,False,
4,1152,524.32568359375,21.17775535583496,0.16945892572402954,14.945955276489258,70406584.0,00:00:10,False,
5,1872,444.41326904296875,19.56785011291504,0.15297852456569672,13.705071449279785,58163260.0,00:00:20,False,
6,3312,378.3189392089844,18.122066497802734,0.14027732610702515,12.478317260742188,55793516.0,00:00:16,False,
7,7632,301.7854309082031,16.294099807739258,0.12600623071193695,11.144770622253418,37963208.0,00:00:39,False,
