Model ID,Training Dataset Size,Batch Size,Epochs,Loss,RMSE,NRMSE,MAE,MAPE,Total Time,GPU used?,Observations
0,57,1,4000,339.82501220703125,17.653732299804688,0.1802891492843628,13.0088529586792,88851864.0,00:39:23,False,
0,57,1,4500,319.11102294921875,17.090795516967773,0.1740196943283081,12.485474586486816,89352088.0,01:28:30,False,
1,180,1,3500,494.7646789550781,20.810449600219727,0.17473380267620087,14.677750587463379,60375444.0,01:33:14,False,
2,345,1,2500,464.49493408203125,20.035768508911133,0.16313648223876953,13.885417938232422,52306152.0,01:47:49,False,
3,575,1,1250,484.9630432128906,20.559206008911133,0.16361768543720245,14.473450660705566,75304680.0,01:38:52,False,
4,921,1,750,426.58551025390625,19.396568298339844,0.1563132256269455,13.619365692138672,101647232.0,01:17:48,False,
5,1497,1,500,389.7819519042969,18.486730575561523,0.1492742896080017,13.026496887207031,82488928.0,01:42:52,False,
6,2649,1,400,350.1923828125,17.44428825378418,0.13945962488651276,12.098397254943848,70551504.0,02:33:24,False,
7,6105,1,200,288.3091125488281,15.924778938293457,0.1285076141357422,10.911169052124023,51051120.0,02:32:37,False,
