Model ID,Validation Dataset Size,Loss,RMSE,NRMSE,MAE,MAPE,Total Time,GPU used?,Observations
0,14,731.1864013671875,26.052135467529297,0.18875610828399658,19.014942169189453,13476121.0,00:00:00,False,
0,14,875.3263549804688,28.190492630004883,0.18827256560325623,20.243030548095703,25041872.0,00:00:00,False,
1,45,600.5336303710938,23.467920303344727,0.16616129875183105,16.588361740112305,56490924.0,00:00:00,False,
2,86,644.9631958007812,23.3372802734375,0.17213962972164154,16.523887634277344,60603468.0,00:00:01,False,
3,143,559.9259643554688,21.596309661865234,0.17994605004787445,14.942378997802734,81590832.0,00:00:01,False,
4,230,500.6730651855469,20.57634925842285,0.16220389306545258,14.801641464233398,40893596.0,00:00:01,False,
5,374,421.3038024902344,19.138168334960938,0.1491692066192627,13.090163230895996,121795608.0,00:00:02,False,
6,662,328.9585876464844,17.214397430419922,0.1326221525669098,11.978009223937988,33200554.0,00:00:03,False,
7,1526,303.2004699707031,16.434812545776367,0.12860015034675598,11.241809844970703,45197568.0,00:00:07,False,
