Model ID,Testing Dataset Size,Loss,RMSE,NRMSE,MAE,MAPE,Total Time,GPU used?,Observations
0,3312,315.6593322753906,16.77587127685547,0.13131941854953766,11.827568054199219,51813872.0,00:00:21,False,
1,3312,304.4499816894531,16.381391525268555,0.1257159560918808,11.3147554397583,48022660.0,00:00:18,False,
2,3312,304.56805419921875,16.42509651184082,0.12697868049144745,11.402132987976074,55912608.0,00:00:20,False,
3,3312,306.5606384277344,16.446104049682617,0.1265074610710144,11.389554977416992,45730024.0,00:00:17,False,
4,3312,304.31585693359375,16.388891220092773,0.1260129064321518,11.317645072937012,46345676.0,00:00:20,False,
5,3312,308.579833984375,16.539897918701172,0.1279316544532776,11.55817985534668,50741128.0,00:00:20,False,
6,3312,314.30499267578125,16.67201042175293,0.12931202352046967,11.74839973449707,49421960.0,00:00:23,False,
