Model ID,Validation Dataset Size,Loss,RMSE,NRMSE,MAE,MAPE,Total Time,GPU used?,Observations
0,662,347.0135498046875,17.55277442932129,0.1299898475408554,12.155973434448242,46722964.0,00:00:04,False,
1,662,338.9613342285156,17.198469161987305,0.12553104758262634,11.672008514404297,43508952.0,00:00:04,False,
2,662,344.25506591796875,17.414310455322266,0.12600921094417572,11.909575462341309,54114260.0,00:00:05,False,
3,662,340.35015869140625,17.270122528076172,0.12497679144144058,11.756832122802734,42315064.0,00:00:04,False,
4,662,337.41998291015625,17.142053604125977,0.12631237506866455,11.627585411071777,40798900.0,00:00:04,False,
5,662,349.3547668457031,17.559749603271484,0.12701286375522614,12.082905769348145,50777596.0,00:00:05,False,
6,662,343.7541198730469,17.39577865600586,0.12614892423152924,11.99902057647705,53510812.0,00:00:04,False,
