Model ID,Training Dataset Size,Batch Size,Epochs,Loss,RMSE,NRMSE,MAE,MAPE,Total Time,GPU used?,Observations
0,2649,1,50,271.1759948730469,15.548354148864746,0.13778744637966156,10.828200340270996,64815532.0,00:19:48,False,
1,2649,1,50,264.70806884765625,15.296223640441895,0.1338678002357483,10.47472858428955,52813480.0,00:15:48,False,
2,2649,1,50,262.9857177734375,15.237278938293457,0.1330108642578125,10.426363945007324,60092976.0,00:19:41,False,
3,2649,1,50,262.86285400390625,15.231678009033203,0.1329783797264099,10.400167465209961,51566608.0,00:16:12,False,
4,2649,1,50,263.0000305175781,15.238961219787598,0.13311254978179932,10.4052152633667,52095412.0,00:18:43,False,
5,2649,1,50,265.997802734375,15.363965034484863,0.13521817326545715,10.61325454711914,58359672.0,00:17:41,False,
6,2649,1,50,262.69195556640625,15.250716209411621,0.13372017443180084,10.553089141845703,62593036.0,00:16:28,False,
