Model ID,Dataset Size,Loss,RMSE,NRMSE,MAE,MAPE,Total Time,GPU used?,Observations
0,662,0.00023252081882674247,0.014368070289492607,0.1336059719324112,0.0098543930798769,42680.453125,00:00:00,False,
1,662,0.0002339416096219793,0.014460395090281963,0.12868326902389526,0.010121336206793785,6413.2041015625,00:00:00,False,
2,662,0.0007965569966472685,0.028062710538506508,0.2037602961063385,0.02289186604321003,4631.66162109375,00:00:00,False,
3,662,0.01865578629076481,0.13651366531848907,0.45175912976264954,0.11736337095499039,1132.87841796875,00:00:00,False,
4,662,0.0686940923333168,0.2620217204093933,0.5598628520965576,0.22681143879890442,166.9352264404297,00:00:00,False,
5,662,0.0816275104880333,0.2856227159500122,0.5765717625617981,0.2473938763141632,283.0701599121094,00:00:00,False,
6,662,0.08314342051744461,0.28825974464416504,0.5772008299827576,0.2496407926082611,411.08160400390625,00:00:00,False,
