Model ID,Dataset Size,Batch Size,Epochs,Loss,RMSE,NRMSE,MAE,MAPE,Total Time,GPU used?,Observations
0,2649,1,30,0.00017780716007109731,0.012603593058884144,0.139677956700325,0.00864605512470007,50251.30859375,00:01:57,False,
1,2649,1,30,0.00018343453120905906,0.012873931787908077,0.1363828331232071,0.009092926047742367,8503.1591796875,00:01:56,False,
2,2649,1,30,0.0007420926121994853,0.027128292247653008,0.22138729691505432,0.022328536957502365,6739.97802734375,00:01:56,False,
3,2649,1,30,0.018424799665808678,0.13568232953548431,0.46517378091812134,0.11691968142986298,4856.10400390625,00:01:59,False,
4,2649,1,30,0.0688152015209198,0.26224955916404724,0.5629221200942993,0.22717125713825226,1225.845947265625,00:01:45,False,
5,2649,1,30,0.08153821527957916,0.28546398878097534,0.5764104127883911,0.24736616015434265,285.262939453125,00:01:52,False,
6,2649,1,30,0.0834507942199707,0.28879067301750183,0.5781458020210266,0.25031545758247375,402.3651428222656,00:01:48,False,
