Model ID,Dataset Size,Loss,RMSE,NRMSE,MAE,MAPE,Total Time,GPU used?,Observations
0,671,0.00019702348799910396,0.013259992934763432,0.13198380172252655,0.009255319833755493,46817.859375,00:00:02,False,
0,674,0.00021047878544777632,0.013849234208464622,0.14230909943580627,0.009850435890257359,59670.9453125,00:00:05,False,
0,696,0.00020821046200580895,0.01381575409322977,0.1462799310684204,0.009868561290204525,62826.85546875,00:00:02,False,
0,652,0.00019555487961042672,0.013314013369381428,0.14075155556201935,0.009411852806806564,53088.04296875,00:00:02,False,
0,627,0.00019144867837894708,0.01291285827755928,0.13564369082450867,0.00883767195045948,43919.4609375,00:00:02,False,
