Model ID,Dataset Size,Batch Size,Epochs,Loss,RMSE,NRMSE,MAE,MAPE,Total Time,GPU used?,Observations
0,2648,1,25,0.000191249288036488,0.013064802624285221,0.1346215307712555,0.009152859449386597,47439.04296875,00:06:21,False,
0,2685,1,30,0.00021391980408225209,0.013928733766078949,0.14490967988967896,0.00994145032018423,55003.97265625,00:07:05,False,
0,2622,1,30,0.0002129395434167236,0.01390890683978796,0.14803127944469452,0.009898562915623188,58134.96875,00:06:29,False,
0,2683,1,30,0.0002027173904934898,0.013524881564080715,0.1401086151599884,0.009515971876680851,49294.31640625,00:07:00,False,
0,2672,1,30,0.0001934919855557382,0.01312192715704441,0.12985354661941528,0.00904090702533722,41822.26171875,00:06:40,False,
