Model ID,Testing Dataset Size,Loss,RMSE,NRMSE,MAE,MAPE,Total Time,GPU used?,Observations
0,3312,303.241455078125,16.35386848449707,0.12559865415096283,11.281641960144043,48065176.0,00:00:07,False,
1,3312,300.861083984375,16.253192901611328,0.12072701752185822,11.11923599243164,46685240.0,00:00:01,False,
