Model ID,Training Dataset Size,Batch Size,Epochs,Loss,RMSE,NRMSE,MAE,MAPE,Total Time,GPU used?,Observations
0,2649,1,50,261.129638671875,15.172792434692383,0.13210301101207733,10.343677520751953,54189464.0,00:07:24,False,
1,2649,1,50,255.46109008789062,14.97701358795166,0.12559498846530914,10.167261123657227,54653636.0,00:05:12,False,
