Model ID,Validation Dataset Size,Loss,RMSE,NRMSE,MAE,MAPE,Total Time,GPU used?,Observations
0,662,338.5126647949219,17.200851440429688,0.12456852197647095,11.681483268737793,43384832.0,00:00:00,False,
1,662,338.8330993652344,17.21441078186035,0.11926217377185822,11.625985145568848,46664532.0,00:00:00,False,
