Model ID,Validation Dataset Size,Loss,RMSE,NRMSE,MAE,MAPE,Total Time,GPU used?,Observations
0,1728,3179.598876953125,49.94160461425781,0.6386364102363586,49.69901657104492,63.58195877075195,00:00:03,False,
