Model ID,Training Dataset Size,Batch Size,Epochs,Loss,RMSE,NRMSE,MAE,MAPE,Total Time,GPU used?,Observations
0,6105,1,25,0.00018630830163601786,0.0128023661673069,0.12861593067646027,0.008776658214628696,41547.38671875,00:11:56,False,
1,2649,1,25,0.0002511972561478615,0.014954082667827606,0.15547780692577362,0.010625127702951431,71731.4453125,00:05:02,False,
2,1497,1,25,0.0003279271477367729,0.017363624647259712,0.19037312269210815,0.012577423825860023,88993.5859375,00:02:52,False,
3,921,1,25,0.0006157117313705385,0.02435114234685898,0.288141131401062,0.018115390092134476,161262.265625,00:02:18,False,
4,575,1,50,0.0008448913577012718,0.028623361140489578,0.35038676857948303,0.021200690418481827,145751.796875,00:02:56,False,
5,345,1,50,0.00084762426558882,0.028658103197813034,0.35877111554145813,0.02105310931801796,132285.09375,00:01:48,False
6,180,1,25,0.0014404113171622157,0.03774651512503624,0.5259792804718018,0.028412217274308205,191450.484375,00:00:27,False,
7,57,1,50,0.0016611121827736497,0.0404418408870697,0.6414393186569214,0.02915491908788681,289519.21875,00:00:22,False,
