Model ID,Validation Dataset Size,Loss,RMSE,NRMSE,MAE,MAPE,Total Time,GPU used?,Observations
0,1526,0.00019109665299765766,0.01306302472949028,0.12787091732025146,0.008955724537372589,36092.45703125,00:00:05,False,
1,662,0.00023188372142612934,0.014594384469091892,0.1499006450176239,0.010489500127732754,34972.43359375,00:00:02,False,
2,374,0.00036975264083594084,0.01829499937593937,0.18694493174552917,0.01283013354986906,120756.03125,00:00:01,False,
3,230,0.0006677960627712309,0.024992477148771286,0.2946990430355072,0.01881490647792816,90962.171875,00:00:01,False,
4,143,0.0010052184807136655,0.03128428757190704,0.3625260591506958,0.02288774959743023,133096.78125,00:00:00,False,
5,86,0.0010713472729548812,0.03196919336915016,0.3516637086868286,0.02384474314749241,103942.0546875,00:00:00,False
6,45,0.0025093071162700653,0.04938366636633873,0.7304816246032715,0.037847381085157394,353683.9375,00:00:00,False,
7,14,0.0023066289722919464,0.04755764827132225,0.41211920976638794,0.035783398896455765,13223.560546875,00:00:00,False,
