Model ID,Testing Dataset Size,Loss,RMSE,NRMSE,MAE,MAPE,Total Time,GPU used?,Observations
0,7632,0.00019468850223347545,0.013090542517602444,0.12608292698860168,0.008956625126302242,32566.63671875,00:00:26,False,
1,3312,0.00038771392428316176,0.01843910664319992,0.19864274561405182,0.011280642822384834,76947.171875,00:00:12,False,
2,1872,0.0003647482953965664,0.018188798800110817,0.19357621669769287,0.013042256236076355,71224.9765625,00:00:07,False,
3,1152,0.0007329706568270922,0.026335744187235832,0.3115231990814209,0.01966499537229538,129099.359375,00:00:10,False,
4,721,0.000982915866188705,0.030828280374407768,0.37955206632614136,0.02296167053282261,159632.4375,00:00:03,False,
5,432,0.0010264776647090912,0.031295958906412125,0.3877984881401062,0.02334512397646904,215996.71875,00:00:02,False
6,227,0.001920301583595574,0.04337145388126373,0.5707864165306091,0.032740939408540726,299865.5,00:00:01,False,
7,72,0.002489508129656315,0.047762975096702576,0.6511996388435364,0.036282334476709366,627334.25,00:00:00,False,
