Model ID,Validation Dataset Size,Loss,RMSE,NRMSE,MAE,MAPE,Total Time,GPU used?,Observations
0,662,350.0462951660156,17.601905822753906,0.12237812578678131,12.216734886169434,7927504.0,00:00:00,False,
1,662,1337.6868896484375,36.358577728271484,0.20105689764022827,29.196409225463867,5998079.5,00:00:00,False,
2,662,84763.6953125,290.98956298828125,0.4456879794597626,246.37997436523438,2244356.25,00:00:00,False,
3,662,8128458.5,2850.196533203125,0.5513820648193359,2428.688720703125,162.08407592773438,00:00:00,False,
4,662,813937536.0,28520.9609375,0.5689458847045898,24323.716796875,270.45184326171875,00:00:00,False,
5,662,81234526208.0,284926.5,0.5729153156280518,242880.0,402.8887023925781,00:00:00,False,
