Model ID,Training Dataset Size,Batch Size,Epochs,Loss,RMSE,NRMSE,MAE,MAPE,Total Time,GPU used?,Observations
0,2649,1,75,273.30548095703125,15.627373695373535,0.12957198917865753,10.931144714355469,10534577.0,00:06:21,False,
1,2649,1,75,1245.2174072265625,35.13545608520508,0.21848300099372864,28.483154296875,8818270.0,00:08:32,False,
2,2649,1,50,83789.578125,289.3443908691406,0.4591509997844696,245.59860229492188,10237993.0,00:04:46,False,
3,2649,1,50,8144212.5,2852.948974609375,0.5542594790458679,2432.4091796875,11378983.0,00:04:53,False,
4,2649,1,50,812682944.0,28498.92578125,0.5686944723129272,24304.427734375,276.04278564453125,00:04:07,False,
5,2649,1,50,81472716800.0,285342.9375,0.5737068057060242,243392.265625,389.31597900390625,00:03:22,False,
