Model ID,Testing Dataset Size,Loss,RMSE,NRMSE,MAE,MAPE,Total Time,GPU used?,Observations
0,3312,315.1598205566406,16.775976181030273,0.12337066233158112,11.82431411743164,8353691.0,00:00:00,False,
1,3312,1305.398681640625,35.91345977783203,0.2054208219051361,28.979690551757812,5037641.5,00:00:01,False,
2,3312,83987.6484375,289.68084716796875,0.44899967312812805,245.71994018554688,3634894.5,00:00:00,False,
3,3312,8129174.5,2850.277099609375,0.552251398563385,2428.953125,14177911.0,00:00:01,False,
4,3312,811934528.0,28485.32421875,0.5672986507415771,24283.244140625,265.88580322265625,00:00:00,False,
5,3312,80912687104.0,284361.6875,0.5719843506813049,242130.96875,371.1123962402344,00:00:00,False,
