Model ID,Validation Dataset Size,Loss,RMSE,NRMSE,MAE,MAPE,Total Time,GPU used?,Observations
0,662,0.00025225800345651805,0.01513405330479145,0.1468280851840973,0.010709688998758793,50942.62109375,00:00:04,False,
1,662,0.0002275620645377785,0.014194264076650143,0.1309373378753662,0.009690496139228344,39601.8203125,00:00:00,False,
2,662,0.00022555908071808517,0.014023641124367714,0.12665076553821564,0.009614933282136917,52871.74609375,00:00:00,False,
