Model ID,Testing Dataset Size,Loss,RMSE,NRMSE,MAE,MAPE,Total Time,GPU used?,Observations
0,3312,0.00023685244377702475,0.014725523069500923,0.15214185416698456,0.010663941502571106,49600.6171875,00:00:15,False,
1,3312,0.00020662917813751847,0.013571560382843018,0.13253828883171082,0.009400444105267525,42724.875,00:00:01,False,
2,3312,0.00020204570319037884,0.013317069970071316,0.12671269476413727,0.00928516499698162,53595.3125,00:00:04,False,
