Model ID,Training Dataset Size,Batch Size,Epochs,Loss,RMSE,NRMSE,MAE,MAPE,Total Time,GPU used?,Observations
0,2649,1,30,0.00019765988690778613,0.01345460582524538,0.15526844561100006,0.009583723731338978,80869.1796875,00:06:12,False,
1,2649,1,30,0.00017653395480010659,0.012540615163743496,0.13846932351589203,0.008594118990004063,49142.0234375,00:01:55,False,
2,2649,1,30,0.0002752783475443721,0.015896325930953026,0.18772462010383606,0.011512739583849907,142447.953125,00:03:25,False,
