Model ID,Validation Dataset Size,Loss,RMSE,NRMSE,MAE,MAPE,Total Time,GPU used?,Observations
0,662,0.00025091314455494285,0.015013047493994236,0.14448809623718262,0.010682101361453533,61289.6796875,00:00:02,False,
1,662,0.00023252081882674247,0.014368070289492607,0.1336059719324112,0.0098543930798769,42680.453125,00:00:00,False,
2,662,0.00022221657854970545,0.01389878150075674,0.1248527243733406,0.009488478302955627,51366.8984375,00:00:00,False,
3,662,0.012998971238107131,0.11401303,0.85794157,0.0789417045703428,2684950122903.9556,00:00:00,False,
4,662,0.012546715832442991,0.112012126,0.8428848,0.07766811766987129,2666799115899.998,00:00:00,False,
