Model ID,Testing Dataset Size,Loss,RMSE,NRMSE,MAE,MAPE,Total Time,GPU used?,Observations
0,3312,0.00022362492745742202,0.014261370524764061,0.14437560737133026,0.010280629619956017,58302.9765625,00:00:11,False,
1,3312,0.00020714692072942853,0.013643479906022549,0.13485318422317505,0.009501157328486443,46440.93359375,00:00:03,False,
2,3312,0.00019897609308827668,0.013213485479354858,0.12550203502178192,0.009171411395072937,50438.8515625,00:00:01,False,
3,3312,0.012522447243003481,0.11190374,0.875216,0.07927240408773813,2619813638993.4263,00:00:00,False,
4,3312,0.0120404064730599,0.10972878,0.8582053,0.07786048114077235,2362000978694.1074,00:00:00,False,
