Model ID,Training Dataset Size,Batch Size,Epochs,Loss,RMSE,NRMSE,MAE,MAPE,Total Time,GPU used?,Observations
0,2649,1,25,0.0001849731052061543,0.012898970395326614,0.1445753127336502,0.009099094197154045,58034.7734375,00:05:11,False,
1,2649,1,30,0.00017780716007109731,0.012603593058884144,0.139677956700325,0.00864605512470007,50251.30859375,00:01:57,False,
2,2649,1,30,0.00028713169740512967,0.01625162549316883,0.19295597076416016,0.011751098558306694,151077.03125,00:03:00,False,
3,2649,1,30,0.010927615093563254,0.10453524,0.9245063,0.07341013436338457,2712072204717.9277,00:00:00,False,
4,2649,1,30,0.010481925434426224,0.102381274,0.9054567,0.07182938534633238,2720473336499.8896,00:00:00,False,
