Model ID,Training Dataset Size,Batch Size,Epochs,Loss,RMSE,NRMSE,MAE,MAPE,Total Time,GPU used?,Observations
0,2649,1,50,264.265380859375,15.286352157592773,0.13379183411598206,10.44579792022705,53586332.0,00:18:25,False,
1,2649,1,50,261.129638671875,15.172792434692383,0.13210301101207733,10.343677520751953,54189464.0,00:07:24,False,
2,2649,1,50,645.4871826171875,23.274139404296875,0.18522495031356812,16.321239471435547,74951984.0,00:06:00,False,
3,2649,1,50,0,130.03308,0.92370135,91.28278064331579,3366322472260095.0,00:00:00,False,
4,2649,1,50,0,128.79257,0.9148894,90.42182907834948,3295809906255717.5,00:00:00,False,
