Model ID,Validation Dataset Size,Loss,RMSE,NRMSE,MAE,MAPE,Total Time,GPU used?,Observations
0,662,340.4082336425781,17.220382690429688,0.12804993987083435,11.692078590393066,46216484.0,00:00:03,False,
1,662,338.5126647949219,17.200851440429688,0.12456852197647095,11.681483268737793,43384832.0,00:00:00,False,
2,662,344.3603515625,17.337270736694336,0.12520021200180054,11.885184288024902,62025400.0,00:00:00,False,
3,662,0,141.67674,0.85631275,98.10663136485806,3317646682667115.5,00:00:00,False,
4,662,0,140.54753,0.8494876,97.32498519140348,3180463732583493.5,00:00:00,False,
