Model ID,Testing Dataset Size,Loss,RMSE,NRMSE,MAE,MAPE,Total Time,GPU used?,Observations
0,3312,306.2196044921875,16.471782684326172,0.12749481201171875,11.384142875671387,49550624.0,00:00:20,False,
1,3312,303.241455078125,16.35386848449707,0.12559865415096283,11.281641960144043,48065176.0,00:00:07,False,
2,3312,315.5583190917969,16.631977081298828,0.12701885402202606,11.589234352111816,62977484.0,00:00:06,False,
3,3312,0,139.04271,0.87347305,98.36138167123508,3214197252738493.0,00:00:00,False,
4,3312,0,137.41962,0.86327666,97.29494964857456,3045484421143795.5,00:00:00,False,
