Model ID,Dataset Size,Loss,RMSE,NRMSE,MAE,MAPE,Total Time,GPU used?,Observations
0,662,0.00025091314455494285,0.015013047493994236,0.14448809623718262,0.010682101361453533,61289.6796875,00:00:02,False,
1,662,0.00022689418983645737,0.014239490032196045,0.12526853382587433,0.010002821683883667,6770.90185546875,00:00:02,False,
2,662,0.0007964166579768062,0.02806159295141697,0.2033001333475113,0.02289116010069847,4385.02490234375,00:00:02,False,
3,662,0.018512940034270287,0.13600566983222961,0.4512810707092285,0.11708526313304901,82.52166748046875,00:00:02,False,
4,662,0.06878400593996048,0.2621946930885315,0.5599783658981323,0.22697414457798004,165.5852813720703,00:00:03,False,
5,662,0.08189336955547333,0.2860841155052185,0.5770978927612305,0.24770693480968475,287.19891357421875,00:00:04,False,
6,662,0.08329087495803833,0.28851407766342163,0.5778779983520508,0.24979665875434875,411.2515563964844,00:00:02,False,
