Model ID,Dataset Size,Batch Size,Epochs,Loss,RMSE,NRMSE,MAE,MAPE,Total Time,GPU used?,Observations
0,2649,1,25,0.0001849731052061543,0.012898970395326614,0.1445753127336502,0.009099094197154045,58034.7734375,00:05:11,False,
1,2649,1,25,0.00017978680261876434,0.012731160968542099,0.13426299393177032,0.009019865654408932,8346.099609375,00:05:48,False,
2,2649,1,25,0.00074294040678069,0.027143798768520355,0.22152407467365265,0.02233879454433918,6773.5205078125,00:05:17,False,
3,2649,1,25,0.018350956961512566,0.13541515171527863,0.4642884135246277,0.11672484874725342,4824.03369140625,00:06:30,False,
4,2649,1,25,0.06886710226535797,0.2623482644557953,0.5631348490715027,0.22722852230072021,1231.739013671875,00:07:06,False,
5,2649,1,25,0.08161881566047668,0.28560447692871094,0.5766947865486145,0.24740678071975708,285.045166015625,00:06:51,False,
6,2649,1,25,0.08358745276927948,0.2890265882015228,0.5786186456680298,0.25043565034866333,402.0693054199219,00:06:21,False,
