Model ID,Dataset Size,Loss,RMSE,NRMSE,MAE,MAPE,Total Time,GPU used?,Observations
0,662,0.00025091314455494285,0.015013047493994236,0.14448809623718262,0.010682101361453533,61289.6796875,00:00:02,False,
1,662,0.00022637999791186303,0.014165470376610756,0.13124844431877136,0.009690544568002224,43461.44921875,00:00:02,False,
2,662,0.0002453409251756966,0.01481641922146082,0.14404794573783875,0.010551544837653637,60001.69140625,00:00:02,False,
3,662,0.0002358289057156071,0.014472560957074165,0.13292407989501953,0.010102158412337303,44123.24609375,00:00:02,False,
4,662,0.00024516068515367806,0.014845234341919422,0.14151859283447266,0.010570341721177101,55674.40625,00:00:02,False,
5,662,0.0002351495495531708,0.014395191334187984,0.13551612198352814,0.009843244217336178,47530.38671875,00:00:02,False,
6,662,0.0002655196003615856,0.015505645424127579,0.15025024116039276,0.011211101897060871,72819.46875,00:00:02,False,
