Model ID,Dataset Size,Batch Size,Epochs,Loss,RMSE,NRMSE,MAE,MAPE,Total Time,GPU used?,Observations
0,2649,1,25,0.0001849731052061543,0.012898970395326614,0.1445753127336502,0.009099094197154045,58034.7734375,00:05:11,False,
1,2649,1,30,0.00017274077981710434,0.012374559417366982,0.1353420466184616,0.00848440546542406,45868.83984375,00:07:07,False,
2,2649,1,25,0.0001780132733983919,0.012618361972272396,0.1400473713874817,0.008836123161017895,54745.69921875,00:05:44,False,
3,2649,1,25,0.00017944362480193377,0.012676040641963482,0.14103153347969055,0.008906598202884197,57650.12109375,00:05:29,False,
4,2649,1,30,0.00018418907711748034,0.012887331657111645,0.14476358890533447,0.009110863320529461,60397.69921875,00:06:29,False,
5,2649,1,25,0.000177460111444816,0.012585964053869247,0.13925956189632416,0.008639708161354065,50024.45703125,00:05:29,False,
6,2649,1,25,0.0002017281949520111,0.013575198128819466,0.15720096230506897,0.00984286330640316,81525.65625,00:05:11,False,
