Model ID,Dataset Size,Loss,RMSE,NRMSE,MAE,MAPE,Total Time,GPU used?,Observations
0,3312,0.00022362492745742202,0.014261370524764061,0.14437560737133026,0.010280629619956017,58302.9765625,00:00:11,False,
1,3312,0.00022637999791186303,0.014165470376610756,0.13124844431877136,0.009690544568002224,43461.44921875,00:00:13,False,
2,3312,0.0002453409251756966,0.01481641922146082,0.14404794573783875,0.010551544837653637,60001.69140625,00:00:13,False,
3,3312,0.0002358289057156071,0.014472560957074165,0.13292407989501953,0.010102158412337303,44123.24609375,00:00:13,False,
4,3312,0.00024516068515367806,0.014845234341919422,0.14151859283447266,0.010570341721177101,55674.40625,00:00:11,False,
5,3312,0.0002351495495531708,0.014395191334187984,0.13551612198352814,0.009843244217336178,47530.38671875,00:00:11,False,
6,3312,0.0002655196003615856,0.015505645424127579,0.15025024116039276,0.011211101897060871,72819.46875,00:00:20,False,
