Model ID,Validation Dataset Size,Loss,RMSE,NRMSE,MAE,MAPE,Total Time,GPU used?,Observations
0,1728,3259.52685546875,50.69285202026367,0.6527526378631592,50.434112548828125,64.97364044189453,00:00:03,False,
