,Breusch-Pagan p-value,Shapiro-Wilk p-value,Durbin-Watson p-value
0,1.8587106891641354e-21,1.964484128668784e-36,0.5344064496681035
