Model ID,Testing Dataset Size,Loss,RMSE,NRMSE,MAE,MAPE,Total Time,GPU used?,Observations
0,3312,306.2196044921875,16.471782684326172,0.12749481201171875,11.384142875671387,49550624.0,00:00:20,False,
1,3312,318.6586608886719,16.82355308532715,0.1273919939994812,11.933595657348633,59615960.0,00:00:15,False,
