Model ID,Validation Dataset Size,Loss,RMSE,NRMSE,MAE,MAPE,Total Time,GPU used?,Observations
0,662,340.4082336425781,17.220382690429688,0.12804993987083435,11.692078590393066,46216484.0,00:00:03,False,
1,662,355.92938232421875,17.728466033935547,0.1273173689842224,12.440977096557617,65695052.0,00:00:03,False,
