Model ID,Training Dataset Size,Batch Size,Epochs,Loss,RMSE,NRMSE,MAE,MAPE,Total Time,GPU used?,Observations
0,2649,1,50,264.265380859375,15.286352157592773,0.13379183411598206,10.44579792022705,53586332.0,00:18:25,False,
1,2649,1,50,264.4552307128906,15.325887680053711,0.13087984919548035,10.675105094909668,68308088.0,00:11:46,False,
