Model ID,Dataset Size,Loss,RMSE,NRMSE,MAE,MAPE,Total Time,GPU used?,Observations
0,3312,0.00024314607435371727,0.014764981344342232,0.13656313717365265,0.010358070954680443,42392.12109375,00:00:20,False,
1,3312,0.00022864044876769185,0.01424990501254797,0.13247618079185486,0.009724168106913567,40212.9375,00:00:01,False,
2,3312,0.00022498048201669008,0.014061975292861462,0.12814977765083313,0.00956637505441904,39490.2421875,00:00:01,False,
3,3312,0.00022476862068288028,0.014072454534471035,0.1290244311094284,0.009584641084074974,40112.3046875,00:00:01,False,
4,3312,0.00022189471928868443,0.013947879895567894,0.12672029435634613,0.009486712515354156,37768.734375,00:00:01,False,
