Model ID,Dataset Size,Batch Size,Epochs,Loss,RMSE,NRMSE,MAE,MAPE,Total Time,GPU used?,Observations
0,2649,1,30,0.000183275478775613,0.012836582958698273,0.14379297196865082,0.009049324318766594,58011.8125,00:06:45,False,
1,2649,1,30,0.00017928476154338568,0.01266686711460352,0.14076603949069977,0.008700745180249214,50855.16796875,00:03:08,False,
2,2649,1,30,0.00017504513380117714,0.012458078563213348,0.13650104403495789,0.008529533632099628,47757.609375,00:02:35,False,
3,2649,1,30,0.00017391818983014673,0.012430205941200256,0.13643741607666016,0.008507667109370232,47480.46484375,00:02:39,False,
4,2649,1,30,0.00017125926387961954,0.01231004111468792,0.13440969586372375,0.008406676352024078,45874.19140625,00:02:41,False,
