Model ID,Validation Dataset Size,Loss,RMSE,NRMSE,MAE,MAPE,Total Time,GPU used?,Observations
0,662,360.3235168457031,17.930633544921875,0.13465332984924316,12.555864334106445,57767756.0,00:00:04,False,
1,662,343.5903625488281,17.361682891845703,0.1268606334924698,11.838980674743652,48914388.0,00:00:00,False,
2,662,342.1286926269531,17.295406341552734,0.1253899335861206,11.870672225952148,68962744.0,00:00:00,False,
