Model ID,Testing Dataset Size,Loss,RMSE,NRMSE,MAE,MAPE,Total Time,GPU used?,Observations
0,3312,325.4450988769531,17.10610580444336,0.13564439117908478,12.180423736572266,59712576.0,00:00:18,False,
1,3312,305.5926513671875,16.471097946166992,0.12790966033935547,11.420267105102539,53753112.0,00:00:00,False,
2,3312,312.5476379394531,16.578075408935547,0.1272438019514084,11.567233085632324,68752080.0,00:00:03,False,
