Model ID,Training Dataset Size,Batch Size,Epochs,Loss,RMSE,NRMSE,MAE,MAPE,Total Time,GPU used?,Observations
0,2649,1,30,280.5843811035156,15.884394645690918,0.14268653094768524,11.17178726196289,71750128.0,00:06:51,False,
1,2649,1,30,261.91143798828125,15.198674201965332,0.13245216012001038,10.358376502990723,54850380.0,00:01:41,False,
2,2649,1,30,598.4853515625,22.455730438232422,0.1798003613948822,15.769523620605469,84063520.0,00:03:19,False,
