Model ID,Testing Dataset Size,Loss,RMSE,NRMSE,MAE,MAPE,Total Time,GPU used?,Observations
0,104112,4385.8720703125,61.53520584106445,inf,53.87468338012695,740044736.0,00:00:04,False,
0,104112,3027.87646484375,46.02964782714844,inf,45.8576545715332,998248512.0,00:00:04,False,
0,104112,3025.23828125,45.87165451049805,inf,45.787391662597656,1007963712.0,00:00:05,False,
1,156816,3517.7333984375,50.08991241455078,inf,49.98095703125,971017344.0,00:00:07,False,
2,209376,3402.026611328125,48.62614440917969,inf,48.527496337890625,442773888.0,00:00:08,False,
3,261936,3485.35400390625,49.56828308105469,inf,49.45792007446289,15703408.0,00:00:12,False,
4,314496,3534.544189453125,50.08341598510742,inf,49.95756530761719,255189696.0,00:00:14,False,
