Model ID,Training Dataset Size,Batch Size,Epochs,Loss,RMSE,NRMSE,MAE,MAPE,Total Time,GPU used?,Observations
0,83288,300,50,4612.67626953125,63.549766540527344,inf,55.36945724487305,243532384.0,00:00:40,False,
0,83288,300,250,3154.401123046875,47.488136291503906,inf,47.303890228271484,340243520.0,00:03:22,False,
0,83288,300,500,3150.922607421875,47.31542205810547,inf,47.22953796386719,343580608.0,00:06:08,False,
1,125452,300,500,2727.169921875,43.48278045654297,inf,43.38728332519531,231063024.0,00:08:47,False,
2,167500,300,500,2873.001953125,44.613285064697266,inf,44.52096939086914,450729824.0,00:13:58,False,
3,209548,300,500,2984.11181640625,45.613162994384766,inf,45.510005950927734,643194496.0,00:15:15,False,
4,251596,300,500,3069.2919921875,46.466224670410156,inf,46.34670639038086,880753600.0,00:17:02,False,
