Model ID,Validation Dataset Size,Loss,RMSE,NRMSE,MAE,MAPE,Total Time,GPU used?,Observations
0,20822,3166.54833984375,52.187015533447266,0.48651304841041565,45.874732971191406,42.52798080444336,00:00:00,False,
0,20822,2114.84619140625,38.492149353027344,0.39520296454429626,38.34543991088867,39.389896392822266,00:00:01,False,
0,20822,2105.068603515625,38.30518341064453,0.3953755497932434,38.233097076416016,39.47388458251953,00:00:00,False,
1,31362,3103.563720703125,46.141395568847656,inf,46.03617477416992,1483820288.0,00:00:01,False,
2,41874,3424.10009765625,49.36203384399414,inf,49.26201629638672,1427273984.0,00:00:01,False,
3,52386,3500.1181640625,49.71011734008789,inf,49.59933853149414,1728961024.0,00:00:02,False,
4,62898,3498.359130859375,50.392005920410156,inf,50.263572692871094,23882268.0,00:00:02,False,
